date,likes
2021-12-07 10:02:32,37
2023-06-20 16:39:51,17
2023-03-15 22:32:44,14
2022-09-11 20:29:15,50
2022-03-14 22:08:35,36
2022-03-09 10:58:43,20
2022-03-02 23:58:51,12
2022-02-23 15:35:43,38
2022-01-28 19:04:19,27
2022-01-14 07:33:31,48
2022-01-06 19:09:55,20
2021-12-31 15:45:39,17
2021-12-25 15:20:57,39
2021-12-20 20:53:32,17
2021-11-30 15:59:17,20
2021-11-27 16:52:47,10
2021-11-23 14:41:42,14
2021-11-20 15:41:40,73
2021-11-19 22:13:31,11
2021-11-16 14:26:34,16
2021-11-12 20:14:35,25
2021-11-09 07:36:33,11
2021-10-20 13:59:39,16
2021-09-26 10:03:08,4
2021-09-23 22:25:26,4
2021-09-01 21:26:17,10
2021-08-30 17:55:57,7
2021-08-13 17:14:08,4
2021-08-05 15:07:46,3
2021-08-03 21:35:49,10
2021-07-30 10:32:03,5
2021-07-26 13:34:47,5
2021-07-24 10:57:41,6
2021-07-22 21:06:28,5
2021-07-21 06:53:44,15
2021-07-20 14:35:19,3
2021-07-15 16:24:08,4
2021-07-12 12:20:49,5
2021-07-09 01:50:13,22
2021-07-08 13:30:45,3
2021-07-07 11:56:26,9
2021-07-06 21:05:08,14
2021-07-01 21:57:24,25
2021-06-29 20:30:52,11
2021-06-15 19:17:11,14
2021-06-12 15:33:25,12
2021-06-10 11:56:02,30
2021-06-09 09:22:41,12
2021-06-07 19:12:14,25
2021-02-26 12:52:10,58
2020-12-18 15:16:56,80
2020-10-07 15:19:35,16
2020-08-04 20:27:54,17
2020-07-24 23:38:11,23
2020-06-11 17:33:24,18
2020-06-11 00:17:24,7
2020-05-23 10:30:03,12
2019-12-17 18:15:40,60
2019-09-10 21:15:13,51
